name,address,hours,about,policies,instagram,facebook,x,tiktok,threads,website,phone,podcast
American Solera (Tulsa),"1702 E. 6th St., Tulsa, OK 74104","Mon-Thurs: 4:00pm – 9:00pm
Fri-Sat: 12:00pm – 10:00pm
Sun: 12:00pm – 6:00pm",,"☑️ Dogs Allowed on Patio
☑️ Restaurant on Site
☑️ Non-Alcoholic Options
☑️ Wine Available
☑️ Kids Allowed
☑️ WiFi Available",https://www.instagram.com/americansolera,https://www.facebook.com/americansolera,,,,https://www.americansolera.com/,918-949-4318,
American Solera (Edmond),"129 W. 2nd St., Edmond, OK 73003","Mon-Thurs: 4:00pm – 9:00pm
Fri-Sat: 12:00pm – 10:00pm
Sun: 12:00pm – 6:00pm",,"☑️ Dogs Allowed on Patio
☑️ Outside Food Allowed
☑️ Snacks Available
☑️ Non-Alcoholic Options
☑️ Wine Available
☑️ Kids Allowed
☑️ WiFi Available",https://www.instagram.com/amsoedmond/,https://www.facebook.com/americansolera,,,,https://www.americansolera.com/,405-920-6210,
Angry Scotsman Brewing,"704 W. Reno Ave., OKC, OK 73102","Tues-Thurs: 3:00pm – 10:00pm
Fri-Sat: 12:00pm – 11:00pm
Sun: 12:00pm – 9:00pm",,"☑️ Dogs Allowed
☑️ Outside Food Allowed
☑️ Non-Alcoholic Options
☑️ Wine Available
☑️ Kids Allowed
☑️ WiFi Available - Password: angryscotbrew",https://www.instagram.com/angryscotbrew/,https://www.facebook.com/angryscotbrew,https://twitter.com/angryscotbrew,,,http://angryscotbrew.com/,405-673-7713,https://open.spotify.com/episode/0IT6M72s4PgMGLOxqKx5xk?si=122157da442c41b0
Anthem Brewing,"908 SW 4th St., OKC, OK 73109","Tues-Thurs: 2:00pm – 9:00pm
Fri: 2:00pm – 10:00pm
Sat: 12:00pm – 10:00pm
Sun: 12:00pm – 6:00pm",,"☑️ Dogs Allowed
☑️ Outside Food Allowed
☑️ Snacks Available
☑️ Non-Alcoholic Options
☑️ Wine Available
☑️ Kids Allowed
☑️ WiFi Password: buyabeer",https://www.instagram.com/anthembrewing/,https://www.facebook.com/AnthemBrewing,https://twitter.com/AnthemBrewing,,,https://www.anthembrewing.com/,405-604-0446,https://open.spotify.com/episode/2RgS68YrdlbmSq2kXW6f1U
Battered Boar Brewing,"217 S. Santa Fe Ave., Edmond, OK 73003","Thurs: 4:00pm – 9:00pm
Fri: 4:00pm – 10:00pm
Sat: 11:00am –10:00pm
Sun: 12:00pm – 5:00pm",,"☑️ Dogs Allowed
☑️ Outside Food Allowed
☑️ 21+ Only",https://www.instagram.com/batteredboarbrewingco/,https://www.facebook.com/BatteredBoar,https://twitter.com/Batteredboar,,,http://batteredboar.com/verify.php?redirect=http://batteredboar.com/,405-254-5000,
Beavers Bend Brewery,"46 Coho Rd., Broken Bow, OK 74728","Mon-Thurs: 12:00pm – 8:00pm
Fri-Sat: 12:00pm – 9:00pm
Sun: 11:00am – 7:00pm",,,https://www.instagram.com/beaversbendbrewery/,https://www.facebook.com/beaversbendbrewery,https://twitter.com/beaversbendbrew,,,https://www.beaversbendbrewery.com/,580-494-3455,
Beer Is Good Brewing,"216 E. Main St., Norman, OK 73069","Mon-Wed: 4:00pm – 10:00pm
Thurs: 4:00pm – 11:00pm
Fri-Sat: 11:00am –12:00am
Sun: 10:00am – 10:00pm",,"☑️ Outside Food Allowed
☑️ Non-Alcoholic Options
☑️ Kids Allowed",https://www.instagram.com/bigbrewco/,https://www.facebook.com/BIGbrewco,https://twitter.com/BIGBrewCo,,,https://bigbrew.co/,405-857-7080,https://open.spotify.com/episode/16DfQgLyiBp4iSrXA0aT5C?si=24b765015e5245e1
Belle Isle Brewing,"1900 NW Expressway, OKC, OK 73118",Mon-Sat: 11:00am – 10:00pm,,"☑️ Non-Alcoholic Options
☑️ Wine Available
☑️ Kids Allowed",https://www.instagram.com/belleislebrew/,https://www.facebook.com/BelleIsleBrewery,https://twitter.com/BelleIsleBrew,,,https://www.belleislerestaurant.com/,405-840-191,
Bierkraft,"925 E. Washington Ave., McAlester, OK 74501","Wed-Fri: 4:00pm – 9:00pm
Sat: 1:00pm – 9:00pm
Sun: 1:00pm – 6:00pm",,"☑️ Dogs Allowed
☑️ Outside Food Allowed
☑️ Non-Alcoholic Options
☑️ Wine Available
☑️ Kids Allowed
☑️ WiFi Password: mcalester",https://www.instagram.com/bierkraft_brewery/,https://www.facebook.com/bierkraft.brewery/,,,,https://www.bierkraft.us/,918-715-3452,
Broke Brewing,"3810 N. Tulsa Ave., OKC, OK 73112","Tues-Thurs: 3:00pm – 11:00pm
Fri-Sat: 1:00pm – 12:00am
Sun: 3:00pm – Sunset",,"☑️ Dogs Allowed
☑️ Outside Food Allowed
☑️ Non-Alcoholic Options
☑️ Wine Available
☑️ Kids Allowed",https://www.instagram.com/brokebeer/,https://www.facebook.com/brokebeer/,https://twitter.com/brokebeer,,,https://broke.beer/,405-237-8115,https://open.spotify.com/episode/5IheQ1RKijqiA35yQQkZSd?si=15b87534fd40434c
Broken Arrow Brewing,"333 W. Dallas St., Broken Arrow, OK, 74012","Tues-Thurs: 4:00pm – 10:00pm
Fri-Sat: 12:00pm – 12:00am
Sun: 12:00pm – 10:00pm",,,https://www.instagram.com/brokenarrowbrewingco/,https://www.facebook.com/babrewingco,https://twitter.com/babrewingco,,,https://www.brokenarrowbrewingco.com/,918-286-8101,
Cabin Boys (Claremore),"512 W Will Rogers Blvd, Claremore, OK 74017","Tues-Thurs: 4:00pm – 10:00pm
Fri-Sat: 12:00pm – 11:00pm",,"☑️ Dogs Allowed
☑️ Outside Food Allowed
☑️ Snacks Available
☑️ Non-Alcoholic Options
☑️ Wine Available
☑️ Kids Allowed (Not at bar)",https://www.instagram.com/cabinboysbreweryclaremore/,https://www.facebook.com/profile.php?id=100084483062743,,,,https://www.cabinboysbrewery.com/,918-923-7071,
Cabin Boys (Tulsa),"1717 E. 7th St., Tulsa, OK 74104","Mon-Wed: 4:00pm – 9:00pm
Thurs: 4:00pm – 11:00pm
Fri-Sat: 12:00pm – 11:00pm
Sun: 12:00pm – 7:00pm",,"☑️ Dogs Allowed
☑️ Food Available
☑️ Outside Food Allowed
☑️ Non-Alcoholic Options
☑️ Wine Available
☑️ Kids Allowed
☑️ WiFi Password: cabinboys918",https://www.instagram.com/cabinboysbrewery/,https://www.facebook.com/CabinBoysBrewery/,,,,https://www.cabinboysbrewery.com/,918-933-4033,
Coop Ale Works,"4745 Council Heights Rd., OKC, OK 73179","Thurs: 4:00pm – 9:00pm
Fri: 4:00pm – 10:00pm
Sat: 12:00pm – 10:00pm",,"☑️ Outside Food Allowed
☑️ Kids Allowed",https://www.instagram.com/coopaleworks/,https://www.facebook.com/coopaleworks,https://twitter.com/coopaleworks,,,https://coopaleworks.com/,405-842-2667,
Cooper & Mill Brewing,"200 S. Dewey Ave., Bartlesville, OK 74003","Tues-Thurs: 4:00pm – 10:00pm
Fri: 4:00pm – 11:00pm
Sat: 11:00am – 11:00pm
Sun: 2:00pm – 8:00pm",,,https://www.instagram.com/cooperandmillbrew/,https://www.facebook.com/cooperandmill/,,,,http://cooperandmill.com/,918-876-3535,
Core4 Brewing,"7 N. Lee, OKC, OK 73102","Mon-Thurs: 4:00pm – 9:00pm
Fri: 4:00pm – 11:00pm
Sat: 12:00pm – 11:00pm
Sun: 2:00pm – 8:00pm",,"☑️ Dogs Allowed
☑️ Outside Food Allowed
☑️ Non-Alcoholic Options
☑️ Wine Available
☑️ Kids Allowed",https://www.instagram.com/core4brewing,https://www.facebook.com/Core4Brewing/,https://twitter.com/Core4Brewing,@core4brewing,,http://core4brewing.com/,405-215-9671,https://open.spotify.com/episode/06z0CJjREiUF1Wbe9DzYeC?si=41857a5161b842fd
Dead Armadillo Brewery,"1004 E. 4th St., Tulsa, OK 74120","Mon-Thurs: 2:00pm – 9:00pm
Fri: 2:00pm – 11:00pm
Sat: 12:00pm – 11:00pm
Sun: 1:00pm – 8:00pm",,,https://instagram.com/dabrewery,http://www.facebook.com/deadarmadillobrewery,http://www.twitter.com/dabrewery,,,https://www.dabrewery.com/home,918-949-9233,
Eerie Abbey Ales,"507 S. Main Street, Tulsa, OK 74103","Mon-Wed: 3:00pm – 8:00pm
Thurs: 3:00pm – 9:00pm
Fri: 1:00pm – 10:00pm
Sat: 12:00pm – 10:00pm
Sun: 12:00pm – 8:00pm",,,https://www.instagram.com/eerieabbeyales/,https://www.facebook.com/eerieabbeyales/,,,,https://www.eerieabbeyales.com/,918-551-6862,
Elgin Park Brewery,"325 E. Mathew B. Brady St., Tulsa, OK 74120",Everyday: 11:00pm – 11:00pm,,,https://www.instagram.com/elginparkbrewery/,https://www.facebook.com/pg/ElginParkTulsa,https://twitter.com/ElginParkTulsa,,,https://elginparkbrewery.com/,918-986-9910,
Enid Brewing & Eatery,"126 S. Independence, Enid, OK 73701","Tues-Thurs: 11:00am – 10:00pm
Fri-Sat: 11:00am – 11:30pm
Sun: 9:00am – 2:00pm",,"☑️ Onsite Kitchen
☑️ Non-Alcoholic Options
☑️ Wine Available
☑️ Kids Allowed",https://www.instagram.com/EnidBrewingCo/,https://www.facebook.com/EnidBrewingCo/,https://twitter.com/EnidBrewingCo,,,https://www.enidbrewing.com/,580-297-5214,
Fair-Weather Friend,"314 N. Klein Ave., OKC, OK 73106","Mon-Thurs: 4:00pm – 10:00pm
Fri-Sat: 11:00am – 10:00pm
Sun: 11:00am – 9:00pm",,"☑️ Dogs Allowed
☑️ On-Site Kitchen
☑️ Non-Alcoholic Options
☑️ Wine Available
☑️ Kids Allowed",https://www.instagram.com/fairweatherfriendokc/,https://www.facebook.com/FairWeatherFriendOKC,https://twitter.com/FWFbeer,,,https://www.fwfbeer.com/,405-934-6668,https://open.spotify.com/episode/5Hqn0hQJEj6GSL3bf6yFRF?si=7053216e13c14bd6
Fat Toad Brewing,"3882 W. 530 Ste. H, Pryor, OK 74361","Tues-Thurs: 11:00am – 9:00pm
Fri-Sat: 11:00am – 10:00pm
Sun: 11:00am – 8:00pm",,"☑️ Dogs Allowed on Patio
☑️ On-Site Kitchen
☑️ Non-Alcoholic Options
☑️ Wine Available
☑️ Kids Allowed
☑️ Wifi Available",https://www.instagram.com/fattoadbrewing/,https://www.facebook.com/fattoadbrewing/,https://twitter.com/FatToadBrewing,,,https://www.fattoadbrewing.com/,918-864-9339,
Flix Brewhouse,"8590 Broadway Ext, OKC, OK 73114",Everday: 12:00pm – 12:00am,,"☑️ Non-Alcoholic Options
☑️ Wine Available
☑️ Kids Allowed",https://www.instagram.com/flixbrewhouse/,https://www.facebook.com/FlixBrewhouseOKC,https://twitter.com/flixbrewhousetx?lang=en,,,https://www.flixbrewhouse.com/oklahoma-city/,405-766-5900,
Frenzy Brewing,"15 S. Broadway, Edmond, OK 73034","Mon-Thurs: 3:00pm – 9:00pm
Fri-Sat: 12:00pm – 11:00pm
Sun: 1:00pm – 8:00pm",,"☑️ Dogs Allowed
☑️ Outside Food Allowed
☑️ Non-Alcoholic Options
☑️ Wine Available
☑️ Kids Allowed
☑️ Wifi Password: UnspeakableThings",https://www.instagram.com/frenzybrewing,https://www.facebook.com/FrenzyBrewing,https://twitter.com/frenzybrewing,,,http://frenzybrewing.com/,405-562-5350,https://open.spotify.com/episode/1MkMognQTDaTAHN3Ennmho
Harbinger Beer,"111 Buffalo St., Caddo, OK. 74729","Fri: 4:00pm – 10:00pm
Sat: 2:00pm – 10:00pm
Sun: 2:00pm – 7:00pm",,"☑️ Dogs Allowed
☑️ Outside Food Allowed
☑️ Snacks Available
☑️ Non-Alcoholic Options
☑️ Wine Available
☑️ Wifi Available: Password: BEERME!!
",https://www.instagram.com/harbingerbeerco/,https://www.facebook.com/harbingerbeer/,https://twitter.com/harbingerbeerco,,,http://harbingerbeer.com/,405-655-8277,
Heirloom Rustic Ales,"2113 E. Admiral Blvd., Tulsa, OK 74110","Mon-Thurs: 3:00pm – 9:00pm
Fri: 3:00pm – 10:00pm
Sat: 12:00pm – 10:00pm
Sun: 12:00pm – 7:00pm",,"☑️ Leashed Dogs Allowed
☑️ Outside Food Allowed / Food Trucks on Site
☑️ Non-Alcoholic Options
☑️ Wine Available
☑️ Kids Allowed
☑️ Wifi Password: Heirloombrew",http://instagram.com/heirloomrusticales,https://www.facebook.com/heirloomrusticales/,https://twitter.com/heirloomrustic,,,https://www.heirloomrusticales.com/,918-292-8757,
High Gravity Brewing,"6808 S. Memorial Dr. Suite 144, Tulsa, OK 74133","Mon-Tues: 12:00pm – 7:00pm
Wed-Sat: 12:00pm – 10:00pm
Sun: 12:00pm – 6:00pm",,,https://www.instagram.com/highgravitybrew/,https://www.facebook.com/PippinsTaproom/,https://twitter.com/highgravitybrew,,,https://highgravitybrewingco.com/,918-461-2605,
Hop the Griffin,"7171 E. 71st Pl., Tulsa, OK 74136","Sun-Mon: 11:00am – 10:00pm
Wed-Thurs: 11:00am – 11:00pm
Fri-Sat: 11:00am – 12:00am",,,https://www.instagram.com/hopthegriffin/,https://www.facebook.com/hopthegriffin,,,,http://hopthegriffin.com/,918-292-8227,
Iron Monk Brewing,"519 S. Husband St., Stillwater, OK 74074","Mon-Thurs: 2:00pm – 10:00am
Fri-Sun: 12:00pm – 11:00pm",,"☑️ Service Dogs Allowed
☑️ Outside Food Allowed
☑️ Non-Alcoholic Options
☑️ Wine Available
☑️ Kids Allowed
☑️ WiFi Available",https://www.instagram.com/ironmonkbeer,https://www.facebook.com/ironmonkbrewingco,https://twitter.com/IronMonkBeer,,,https://www.ironmonkbeer.com/,405-714-2585,
Kochendorfer Brewing,"1155 McCurdy Rd., Duncan, OK 73533","Mon-Thurs: 2:00pm – 9:00pm
Fri-Sat: 2:00pm – 12:00am
Sun: 12:00pm – 8:00pm",,,https://www.instagram.com/kochendorferbrewingcompany/?hl=en,https://www.facebook.com/kochendorferbrewing/,,,,https://www.kochendorferbrewing.com/,580-252-2337,
Lazy Circles Brewing,"422 E. Main St., Norman, OK 73071","Tues-Thurs: 4:00pm – 9:00pm
Fri-Sat: 3:00pm –10:00pm
Sun: 3:00pm – 8:00pm",,"☑️ Dogs Allowed
☑️ Outside Food Allowed
☑️ Non-Alcoholic Options
☑️ Wine Available
☑️ Kids Allowed",https://www.instagram.com/lazycirclesbrewing/,https://www.facebook.com/lazycirclesbrewing/,https://twitter.com/lazycirclesbeer,,,https://l.instagram.com/?u=http%3A%2F%2Fwww.lazycirclesbrewing.com%2F&e=ATO8gMf6KX7ks3NMAWFx2v6A5Vh0DLWwsyCwJNQbgOHBKlM0dcfGHdE6HJMTIPhqmFUnNMGhh1uR8sDZ394LhR5xP8WIl88pQS4m&s=1,405-310-5364,https://open.spotify.com/episode/4uECJu7Pfv46qaAnvYCvUV?si=0f2269e999494e65
Legally Brewed,"123 W Main St. in Norman, OK 73069","Tues-Thurs: 4:00pm – 10:00pm
Fri: 4:00pm – 11:00pm
Sat: 12:00pm – 11:00pm
Sun: 2:00pm - 7:00pm",,"☑️ Dogs Allowed
☑️ Outside Food Allowed
☑️ Non-Alcoholic Options
☑️ Kids Allowed w/ Adult
☑️ WiFi Password: 4058578950",https://www.instagram.com/legally_brewed/,https://www.facebook.com/legallybrewedco,,,,https://legallybrewedco.com/,405-857-8950,
Lively Beerworks,"815 SW 2nd St., OKC, OK 73109","Sun-Thurs: 11:00am – 10:00pm
Fri-Sat: 11:00am – 11:00pm",,"☑️ Dogs Allowed
☑️ Outside Food Allowed
☑️ Snacks Available
☑️ Non-Alcoholic Options
☑️ Wine Available
☑️ Kids Allowed
☑️ Public WiFi: No Password",https://www.instagram.com/livelybeerworks/,https://www.facebook.com/livelybeerworks/,https://twitter.com/LivelyBeerworks,,,https://www.livelybeerworks.com/,405-594-8100,https://open.spotify.com/episode/6wXY14HSBU6X6G64AeHn57
Lost Street Brewing,"109 W. Lost St., Durant, OK 74701","Wed-Thurs: 3:00pm – 9:00pm
Fri: 3:00pm – 10:00pm
Sat: 12:00pm – 10:00pm
Sun: 12:00pm – 6:00pm",,"☑️ Dogs Allowed
☑️ Outside Food Allowed
☑️ Non-Alcoholic Options
☑️ Wine Available
☑️ Kids Allowed
☑️ WiFi Password: greatbeer",https://instagram.com/LostStreetBrewingCo,https://www.facebook.com/LostStreetBrewingCo,https://twitter.com/LostStreetBrew,,,loststreetbrewing.com,580-634-2936,
Madhopper Brewing,"923 W. Briton Rd., OKC, OK 73114","Tues-Thurs: 4:00pm - 10:00pm
Fri-Sat: 4:00pm - 11:00pm
Sun: 1:00pm - 7:00pm",,,https://www.instagram.com/madhopperbrewing/,https://www.facebook.com/madhopperbrewing.beer/,https://twitter.com/MadhopperBrew,,,https://madhopperbrewing.beer/,419-450-2434,
Marshall Brewing,"1742 E. 6th St., Tulsa, OK 74104","Mon-Wed: 3:00pm – 8:00pm
Thurs: 3:00pm – 9:00pm
Fri-Sat: 12:00pm – 10:00pm
Sun: 12:00pm – 6:00pm",,,https://www.instagram.com/marshallbrewing/,https://www.facebook.com/MarshallBrewing,https://twitter.com/marshallbrewing?lang=en,,,marshallbrewing.com,918-292-8781,
Mountain Fork Brewery,"89 N. Lukfata Trail Rd., Broken Bow, OK 74728","Mon-Wed: 11:00am – 8:00pm
Thurs-Sat: 11:00am – 9:00pm
Sun: 11:00am – 7:00pm",,,https://www.instagram.com/mountainforkbrewery/?hl=en,https://www.facebook.com/mountainforkbrewery/,https://twitter.com/mtforkbrewery,,,mtforkbrewery.com,580-494-3233,
Muskogee Brewing,"121 S. 2nd St., Muskogee, OK 74401","Tues-Thurs: 4:00pm – 10:00pm
Fri: 4:00pm – 12:00am
Sat: 11:00am – 12:00am",,"☑️ Dogs Allowed on Patio
☑️ Food Available
☑️ Non-Alcoholic Options
☑️ Wine & Slushies Available
☑️ Kids Allowed in Restaurant
☑️ WiFi Available",https://www.instagram.com/muskogee.brewing/,https://www.facebook.com/muskogeebrewingcompany/,,,,https://muskogeebrewingcompany.com/,918-910-5303,
NEFF Brewing,"321 S. Frankfort Ave., Tulsa, OK 74120","Tues-Thurs: 3:00pm – 10:00pm
Fri-Sat: 11:00am – 11:00pm
Sun: 11:00am – 7:00pm",,"☑️ Dogs Allowed on Patio
☑️ In-House, Gluten-Free Kitchen
☑️ Non-Alcoholic Options
☑️ Wine Available
☑️ Kids Allowed
☑️ WiFi Available",https://www.instagram.com/neffbrewing/,https://www.facebook.com/NEFFBrewing,,,,neffbrewing.com,918-367-0640,
Nothing's Left Brewing,"1502 E. 6th St., Tulsa, OK 74120","Tues-Thurs: 3:00pm – 9:00pm
Fri: 1:00pm – 11:00pm
Sat: 12:00pm – 11:00pm
Sun: 1:00pm – 7:00pm",,,https://www.instagram.com/nothingsleftbrewing/,https://www.facebook.com/nothingsleftbrewing,,,,https://www.nothingsleftbrewingco.com/,918-606-1902,
OK Cider Co.,"705 W. Sheridan, OKC, OK 73102","Mon-Thurs: 4:00pm – 9:00pm
Fri-Sat: 12:00pm – 11:00pm
Sun: 2:00pm – 7:00pm",,"☑️ Dogs Allowed
☑️ Outside Food Allowed
☑️ Non-Alcoholic Options
☑️ Wine Available
☑️ Kids Allowed",https://www.instagram.com/okciderco/,https://www.facebook.com/okciderco,https://twitter.com/OKCiderCo,,,https://okciderco.com/,405-501-8877,https://open.spotify.com/episode/6PSHwOSBXkwVCfV4gciMk8
Pearl Beach Brew Pub (OKC),"3330 NW 112th Terr., OKC, OK 73120","Mon: 5:00pm – 12:00am
Thurs: 5:00pm – 2:00am
Sat: 5:00pm – 1:00am
Sun: 1:00pm – 12:00am",,,https://www.instagram.com/pearlbeachhefner/,http://www.facebook.com/pearlbeachhefner,,,,https://www.pearlbeachbrewpub.com/,405-643-4614,
Pearl Beach Brew Pub (Tulsa),"418 S. Peoria Ave., Tulsa, OK 74120","Sun-Wed: 5:00pm – 12:00am
Thurs-Fri: 5:00am – 1:00am",,,https://www.instagram.com/pearlbeachtulsa/,,,,,https://www.pearlbeachbrewpub.com/,918-249-6776,
Prairie Artisan Ales,"3 NE 8th St., OKC, OK 73104",Everday: 11:00am – 10:00pm,,"☑️ Dogs Allowed
☑️ Outside Food Allowed
☑️ Snacks Available
☑️ Non-Alcoholic Options
☑️ Wine Available
☑️ Kids Allowed
☑️ Public Wifi: No Password",https://www.instagram.com/prairieales/,https://www.facebook.com/prairieartisanales/,https://twitter.com/prairieales?lang=en,,,https://prairieales.com/,405-602-0894,https://open.spotify.com/episode/6Xgtl5L6CYFCpi5aWCqrmY?si=02b322d0f27e46ce
Renaissance Brewing,"1147 S. Lewis Ave., Tulsa, OK 74104","Wed-Thurs: 4:00pm – 10:00pm
Fri-Sat: 12:00pm – 10:00pm
Sun: 12:00pm – 6:00pm",,,https://www.instagram.com/renaissancebeer/,https://www.facebook.com/Renaissancebeer/,https://twitter.com/renaissancebrco,,,renaissancebeer.com,918-409-0551,
Rising Eagle Brewery,"13070 Commerce Drive, Elgin, OK 73538","Mon-Wed: 3:00pm - 10:00pm
Thurs-Sat: 11:00am - 11:00pm
Sun: 9:00am - 9:00pm",,,https://www.instagram.com/risingeaglebrewery/,https://www.facebook.com/RisingEagleBrewery,http://twitter.com/risingeaglebrew,,,http://risingeaglebrewery.com/,580-670-2337,
Rough Day Brewing,"108 S. Witte St., Poteau, OK 74953","Thurs: 5:00pm - 8:00pm
Fri: 5:00pm – 9:00pm
Sat: 2:00pm – 9:00pm",,,https://www.instagram.com/roughdaybrewco/,https://www.facebook.com/roughdaybrewco/,,,,,479-883-8049,
Roughtail Brewing,"320 W. Memorial Rd., OKC, OK 73114","Brewery:
Mon-Thurs: 3:00pm – 9:00pm
Fri-Sat: 12:00pm – 10:00pm
Sun: 12:00pm – 8:00pm

Kitchen:
Tues-Thurs: 4:00-9:00pm
Fri-Sat: 12:00pm-9:00pm
Sun: 12:00pm-4:00pm",,"☑️ Food Available - On site Kitchen
☑️ Wine Available
☑️ Kids Allowed
☑️ WiFi Password: Roughtail",https://www.instagram.com/roughtailbrewingco/,https://www.facebook.com/roughtailbeer/,https://twitter.com/Roughtailbeer,,,http://roughtailbeer.com/,405-771-6517,https://open.spotify.com/episode/4i2ps4ca8ECzeTFtcLHcla?si=387155dc8583445d
Scissortail Brewing,"623 E. Don Tyler Ave., Dewey, OK 74029","Thurs-Fri: 3:00pm – 10:00pm
Sat: 12:00pm – 10:00pm",,,https://www.instagram.com/scissortailbrew/,https://www.facebook.com/ScissortailBrew,https://twitter.com/ScissortailBrew,,,https://www.scissortailbrew.com/,918-350-3209,
Settlers Brewing,"202 E. Randolph, Enid, OK 73701","Wed-Thurs: 4:00pm – 10:00pm
Fri: 4:00pm – 11:00pm
Sat: 2:00pm – 11:00pm
Sun: 2:00pm – 6:00pm",,,https://www.instagram.com/settlersbrewingco,https://www.facebook.com/settlersbrewingco,,,,https://settlersbrewingco.com/,580-297-3014,
Skydance Brewing,"1 NE 7th St., OKC, OK 73104","Sun-Thurs: 12:00pm – 10:00pm
Fri-Sat: 11:00am – Midnight",,"☑️ Dogs Allowed
☑️ Outside Food Allowed
☑️ Non-Alcoholic Options
☑️ Wine Available
☑️ Kids Allowed",https://www.instagram.com/skydancebrewing/,https://www.facebook.com/SkydanceBrewing,https://twitter.com/SkydanceBrewing,https://www.tiktok.com/@skydancebrewing,,http://www.skydancebrewing.com,405-768-2154,https://open.spotify.com/episode/75dsYG6qTUKWSxbmZK5SIO
Stonecloud Brewing (OKC),"1012 NW 1st St., Suite 101, OKC, OK 73106","Mon-Thurs: 3:00pm – 10:00pm
Fri-Sat: 12:00pm – 11:00pm
Sun: 1:00pm – 8:00pm",,"☑️ Outside Food Allowed
☑️ Snacks Available
☑️ Non-Alcoholic Options
☑️ Kids Allowed
☑️ WiFi Available: beerisneat
",https://www.instagram.com/stonecloudbrewingco/,https://www.facebook.com/stonecloudbrewingco/,,,,https://stonecloudbrewing.com/,405-602-3966,https://open.spotify.com/episode/0iw6nFRTtBAdRY1VWrh3WM?si=144ec0d38548409e
Stonecloud Brewing (STW),"917 S. Husband St., Stillwater, OK 74074","Mon-Thurs: 11:00am – 10:00pm
Fri-Sat: 11:00am – 11:00pm
Sun: 10:00am – 9:00pm",,"☑️ Outside Food Allowed
☑️ Non-Alcoholic Options
☑️ Wine Available
☑️ Kids Allowed",https://www.instagram.com/stonecloudbrewingstw/,https://www.facebook.com/stonecloudbrewingco/,,,,https://stonecloudbrewing.com/location/stonecloud-stillwater/,405-338-9599,https://open.spotify.com/episode/0iw6nFRTtBAdRY1VWrh3WM?si=144ec0d38548409e
The Big Friendly,"1737 Spoke St., OKC, OK 73108","Mon-Wed: 3:00pm – 9:00pm
Thurs: 3:00pm – 10:00pm
Fri-Sat: 11:00am – 11:00pm
Sun: 1:00pm – 8:00pm",,"☑️ Dogs Allowed
☑️ Outside Food Allowed
☑️ Non-Alcoholic Options
☑️ Wine Available
☑️ Kids Allowed",https://www.instagram.com/thebigfriendly/,https://www.facebook.com/thebigfriendly,https://twitter.com/thebigfriendly,,,https://www.thebigfriendly.com/,405-492-3785,https://open.spotify.com/episode/1GqcgJjEmd4II4h7TzL4zF?si=a60d5d0fcc3c48ce
The Cape Brewing,"736 W. Main St., Jenks, OK 74037","Tues-Thurs: 4:00pm – 9:00pm
Fri: 2:00pm – 11:00pm
Sat: 12:00pm – 11:00pm
Sun: 12:00pm – 9:00pm",,"☑️ Dogs Allowed
☑️ Outside Food Allowed
☑️ Snacks Available
☑️ Non-Alcoholic Options
☑️ Wine Available
☑️ Kids Allowed
☑️ WiFi Available",https://www.instagram.com/thecapebrewingcompany,https://www.facebook.com/thecapebrewingco/,https://twitter.com/BrewingCape,,,thecapebrewingcompany.com,918-298-2273,
The Nook Brewing,"909 S. 12th St., Broken Arrow, OK 74012","Wed-Thurs: 4:00pm – 9:00pm
Fri-Sat: 12:00pm – 11:00pm
Sun: 12:00pm – 8:00pm",,"☑️ Dogs Allowed
☑️ Non-Alcoholic Options
☑️ Wine Available
☑️ Kids Allowed",https://www.instagram.com/nookbrewco/,https://www.facebook.com/NookBrewCo/,https://www.twitter.com/NookBrewCo,,,nookbrewco.com,952-237-3842,
Vortex Alley (Ponca City),"220 E. Central Ave., Ponca City, OK 74601","Wed-Thurs: 4:00pm – 9:00pm
Fri: 4:00pm – 10:00pm
Sat: 12:00pm – 10:00pm",,,https://instagram.com/vab2016,https://facebook.com/vortexalleybrewing,https://twitter.com/vortexalleybrew,,,https://www.vortexalleybrewing.com/,580-304-4781,https://open.spotify.com/episode/5WGk8IyeJ5crupYVwi7VwO?si=4d1e5381c5424ee5
WanderFolk Spirits,"124 E. Oklahoma Ave., Guthrie, OK 73044","Mon-Fri: 9:00am – 5:00pm
Tours Every Other Saturday
@ 12:00pm & 2:00pm",,,https://www.instagram.com/wanderfolkspirits/,https://www.facebook.com/wanderfolkspirits,,,,https://wanderfolkspirits.com/,405-445-6448,https://open.spotify.com/episode/23RAQ27jpNYQ2e19VruSY8?si=cc2c8f9ece1b4f91
Welltown Brewing,"114 W. Archer St., Tulsa, OK 74103","Tues-Thurs: 4:00pm – 10:00pm
Fri: 2:00pm – 12:00am
Sat: 12:00pm – 12:00am
Sun: 12:00pm – 8:00pm",,"☑️ Dogs Allowed
☑️ Food Available
☑️ Snacks Available
☑️ Non-Alcoholic Options
☑️ Kids Allowed
☑️ WiFi Password: ilovebeer",https://www.instagram.com/welltownbrewing/,https://www.facebook.com/welltownbrewing/,https://twitter.com/welltownbrewing,,,welltownbrewing.com,918-221-8893,
Vortex Alley (Shawnee),"313 E Main St, Shawnee, OK 74801",Tues-Wed: 4:00pm – 9:00pm Thurs-Fri: 4:00pm –10:00pm Sat: 2:00pm – 10:00pm,,"☑️ Dogs Allowed
☑️ Food Available
☑️ Snacks Available
☑️ Non-Alcoholic Options
☑️ Kids Allowed
☑️ WiFi Password: ilovebeer",https://www.instagram.com/vabshawnee/,https://www.facebook.com/p/Vortex-Alley-Brewing-Shawnee-100090934952329/,,,,https://www.vortexalleybrewing.com/,580-304-4781,https://open.spotify.com/episode/5WGk8IyeJ5crupYVwi7VwO?si=4d1e5381c5424ee5
The Standard,"315 E. Gray St., Norman, OK 73069","Tues-Thurs: 11:00am – 10:00pm 
Fri-Sat: 11:00am – 12:00am
Sun: 11:00am – 9:00pm",,"☑️ Dogs Allowed Outside
☑️ Food Available
☑️ Snacks Available
☑️ Non-Alcoholic Options
☑️ Kids Allowed
☑️ WiFi Password: standard",https://www.instagram.com/thestandard_norman/,https://www.facebook.com/TheStandardNorman/,,,,https://www.thestandardnorman.com/,405-999-0430,https://open.spotify.com/episode/4wraOYqPhw4A03DA0NMJrf?si=13202060adef47a0&nd=1&dlsi=72e55cb1f7fe413e
Tiny Bubbles OKC,"12100 N. May Ave., OKC, OK 73120",Tues-Thurs: 11:00am – 10:00pm Fri-Sat: 11:00am –11:00pm,,,https://www.instagram.com/tinybubblesokc/,https://www.facebook.com/tinybubblesokc/,,,,https://www.tinybubbleswinebar.com/,405-242-2144,https://open.spotify.com/episode/6NtVuLEgNUHg0Q4LNvf5di?si=3cf8752a81e44c42
Good Cause Brewing,"2501 E. 15th St., Tulsa, OK 74104",Mon-Thurs: 12:00pm – 9:00pm Fri-Sat: 12:00pm –11:00pm Sun: 12:00pm – 7:00pm,,,https://www.instagram.com/goodcausebrewing/,https://www.facebook.com/goodcausebrewing/,,,,https://linktr.ee/Goodcausebrewing,501-351-2562,
[405] Brewing,"205 E. Main St., Norman, OK 73069","Confirm hours on Instagram
Mon-Fri: 4:00pm – 10:00pm
Sat: 2:00pm – 10:00pm",,,http://instagram.com/405brewing,http://www.facebook.com/405Brewing,https://twitter.com/405Brewing,,,http://405brewing.com/,405-801-4053,https://open.spotify.com/episode/1k8zjhtTbKc6qxwNC1y1jD?si=qaPfmSnvTRWy49x7n436PQ
Alva Beer Co.,"327 Barnes Ave., Alva, OK, 73717","Tues-Thurs: 11:00am – 9:00pm 
Fri-Sat: 11:00am –10:00pm",,,https://www.instagram.com/alvabeerco/,https://www.facebook.com/AlvaBeerCo/,,,,,580-327-2333,
James Calley Brewing Co.,"117 East Hobson Ave., Sapulpa, OK 74066","Tues-Thurs: 3:00pam – 9:00pm 
Fri-Sat: 11:00am – 9:00pm",,,https://www.instagram.com/jamescalleybrewingcompany/,https://www.facebook.com/profile.php?id=61554752176729,,,,https://jcbrew.com/,918-347-7527,
Guthrie Brewing Co.,"110 West Harrison, Guthrie, OK 73044","Mon: 4:00pm – 10:00pm
Thurs: 11:00am – 10:00pm
Fri-Sat: 11:00am – 12:00am
Sun: 11:00am – 10:00pm",,,https://www.instagram.com/guthriebrewco,https://www.facebook.com/profile.php?id=100085687119578,,,,https://guthriebrewco.com/,405-877-3275,
The Patriarch,"9 E. Edwards St, Edmond, OK 73034","Mon-Wed: 3:00pm – 12:00am
Thurs-Fri: 3:00pm – 1:00am
Sat: 12:00pm – 1:00am",,,https://www.instagram.com/patriarchedmond/,http://facebook.com/ThePatriarchEdmond,,,,https://www.ctbokc.com/the-patriarch,405-906-2206,https://open.spotify.com/episode/6twOSZglN62cSpszwFCz1P?si=uuHyH-mBSWyD7BoHPF3-5w
Social Capital,"517 S Hudson Ave., OKC, OK 73109","Tues-Wed: 11:00am – 11:00pm
Thurs: 11:00am – 12:00am
Fri-Sat: 11:00am – 1:00am
Sun: 11:00am – 10:00pm",,,https://www.instagram.com/socialcapitalokc/,https://www.facebook.com/socialcapitalokc,,,,https://www.ctbokc.com/social-capital,405-270-7805,https://open.spotify.com/episode/5dD3dqWHPllLbOamJrgy7u?si=1b36e64634fc4a21
SOB Brewing,"104 SW 2nd St., Lawton, OK, 73501","Tues-Wed: 4:00pam – 9:00pm 
Thurs: 11:00am – 10:00pm
Fri-Sat: 11:00am – 11:00pm
Sun: 11:00am – 9:00pm",,,https://www.instagram.com/sobbrewingllc,https://www.facebook.com/sobbrewing,,,,https://www.southwestokbrewing.com/,,
New Story Brewing,"601 E 4th St. Suite 100, Tulsa, OK, 74120","Mon-Thurs: 12:00pm – 10:00pm
Fri-Sat: 11:00am – 12:00am
Sun: 11:00am – 6:00pm",,,https://www.instagram.com/newstorybrewing,https://www.facebook.com/newstorybrewing,,,,https://www.ns.beer/,918-615-9810,
Shop Dog Brewing Co.,"315 Dewey Ave. Poteau, OK, 74953","Mon-Thurs: 12:00pm – 9:00pm
Fri-Sat: 11:00am – 10:00pm",,,https://www.instagram.com/shopdogbrewingco/,https://www.facebook.com/profile.php?id=100083348020827,,,,https://www.shopdogbrewingco.com/,918-721-0015,
